{
  "Echo" : {
    "transaction" : "Echo",
    "sampleCount" : 363,
    "errorCount" : 0,
    "errorPct" : 0.0,
    "meanResTime" : 164.83471074380162,
    "medianResTime" : 115.0,
    "minResTime" : 108.0,
    "maxResTime" : 683.0,
    "pct1ResTime" : 334.8000000000003,
    "pct2ResTime" : 522.2,
    "pct3ResTime" : 632.6000000000001,
    "throughput" : 6.10114795703985,
    "receivedKBytesPerSec" : 4.3126025524396185,
    "sentKBytesPerSec" : 0.7573090607509623
  },
  "dummy 9" : {
    "transaction" : "dummy 9",
    "sampleCount" : 34,
    "errorCount" : 0,
    "errorPct" : 0.0,
    "meanResTime" : 274.17647058823525,
    "medianResTime" : 299.5,
    "minResTime" : 68.0,
    "maxResTime" : 495.0,
    "pct1ResTime" : 451.0,
    "pct2ResTime" : 486.75,
    "pct3ResTime" : 495.0,
    "throughput" : 0.6316180568456251,
    "receivedKBytesPerSec" : 0.004934516069106446,
    "sentKBytesPerSec" : 0.0
  },
  "dummy 8" : {
    "transaction" : "dummy 8",
    "sampleCount" : 26,
    "errorCount" : 0,
    "errorPct" : 0.0,
    "meanResTime" : 263.88461538461536,
    "medianResTime" : 231.0,
    "minResTime" : 64.0,
    "maxResTime" : 500.0,
    "pct1ResTime" : 468.70000000000005,
    "pct2ResTime" : 498.6,
    "pct3ResTime" : 500.0,
    "throughput" : 0.47031583517238884,
    "receivedKBytesPerSec" : 0.0036743424622842883,
    "sentKBytesPerSec" : 0.0
  },
  "dummy 1" : {
    "transaction" : "dummy 1",
    "sampleCount" : 29,
    "errorCount" : 0,
    "errorPct" : 0.0,
    "meanResTime" : 297.00000000000006,
    "medianResTime" : 326.0,
    "minResTime" : 70.0,
    "maxResTime" : 483.0,
    "pct1ResTime" : 457.0,
    "pct2ResTime" : 481.5,
    "pct3ResTime" : 483.0,
    "throughput" : 0.552044468133709,
    "receivedKBytesPerSec" : 0.0043128474072946016,
    "sentKBytesPerSec" : 0.0
  },
  "dummy 10" : {
    "transaction" : "dummy 10",
    "sampleCount" : 38,
    "errorCount" : 0,
    "errorPct" : 0.0,
    "meanResTime" : 298.9736842105264,
    "medianResTime" : 299.5,
    "minResTime" : 73.0,
    "maxResTime" : 494.0,
    "pct1ResTime" : 476.4,
    "pct2ResTime" : 487.34999999999997,
    "pct3ResTime" : 494.0,
    "throughput" : 0.6771928573974408,
    "receivedKBytesPerSec" : 0.005290569198417507,
    "sentKBytesPerSec" : 0.0
  },
  "dummy 0" : {
    "transaction" : "dummy 0",
    "sampleCount" : 33,
    "errorCount" : 0,
    "errorPct" : 0.0,
    "meanResTime" : 248.84848484848484,
    "medianResTime" : 234.0,
    "minResTime" : 53.0,
    "maxResTime" : 491.0,
    "pct1ResTime" : 475.6,
    "pct2ResTime" : 483.29999999999995,
    "pct3ResTime" : 491.0,
    "throughput" : 0.635116149271541,
    "receivedKBytesPerSec" : 0.004961844916183914,
    "sentKBytesPerSec" : 0.0
  },
  "dummy 3" : {
    "transaction" : "dummy 3",
    "sampleCount" : 25,
    "errorCount" : 0,
    "errorPct" : 0.0,
    "meanResTime" : 263.84,
    "medianResTime" : 250.0,
    "minResTime" : 50.0,
    "maxResTime" : 481.0,
    "pct1ResTime" : 458.40000000000003,
    "pct2ResTime" : 477.09999999999997,
    "pct3ResTime" : 481.0,
    "throughput" : 0.4257565694238662,
    "receivedKBytesPerSec" : 0.0033262231986239546,
    "sentKBytesPerSec" : 0.0
  },
  "dummy 2" : {
    "transaction" : "dummy 2",
    "sampleCount" : 39,
    "errorCount" : 0,
    "errorPct" : 0.0,
    "meanResTime" : 278.79487179487177,
    "medianResTime" : 240.0,
    "minResTime" : 51.0,
    "maxResTime" : 496.0,
    "pct1ResTime" : 471.0,
    "pct2ResTime" : 492.0,
    "pct3ResTime" : 496.0,
    "throughput" : 0.6711755898600856,
    "receivedKBytesPerSec" : 0.00524355929578192,
    "sentKBytesPerSec" : 0.0
  },
  "dummy 5" : {
    "transaction" : "dummy 5",
    "sampleCount" : 32,
    "errorCount" : 0,
    "errorPct" : 0.0,
    "meanResTime" : 296.6875,
    "medianResTime" : 304.5,
    "minResTime" : 67.0,
    "maxResTime" : 493.0,
    "pct1ResTime" : 473.5,
    "pct2ResTime" : 483.24999999999994,
    "pct3ResTime" : 493.0,
    "throughput" : 0.5751258087706687,
    "receivedKBytesPerSec" : 0.004493170381020848,
    "sentKBytesPerSec" : 0.0
  },
  "dummy 4" : {
    "transaction" : "dummy 4",
    "sampleCount" : 38,
    "errorCount" : 0,
    "errorPct" : 0.0,
    "meanResTime" : 236.1052631578947,
    "medianResTime" : 211.5,
    "minResTime" : 50.0,
    "maxResTime" : 468.0,
    "pct1ResTime" : 426.5,
    "pct2ResTime" : 449.94999999999993,
    "pct3ResTime" : 468.0,
    "throughput" : 0.6720192409719521,
    "receivedKBytesPerSec" : 0.005250150320093376,
    "sentKBytesPerSec" : 0.0
  },
  "dummy 7" : {
    "transaction" : "dummy 7",
    "sampleCount" : 38,
    "errorCount" : 0,
    "errorPct" : 0.0,
    "meanResTime" : 281.9473684210526,
    "medianResTime" : 288.0,
    "minResTime" : 57.0,
    "maxResTime" : 499.0,
    "pct1ResTime" : 454.70000000000005,
    "pct2ResTime" : 488.54999999999995,
    "pct3ResTime" : 499.0,
    "throughput" : 0.6795786612300374,
    "receivedKBytesPerSec" : 0.005309208290859667,
    "sentKBytesPerSec" : 0.0
  },
  "Total" : {
    "transaction" : "Total",
    "sampleCount" : 726,
    "errorCount" : 0,
    "errorPct" : 0.0,
    "meanResTime" : 219.0826446280993,
    "medianResTime" : 145.0,
    "minResTime" : 50.0,
    "maxResTime" : 683.0,
    "pct1ResTime" : 439.9000000000002,
    "pct2ResTime" : 482.65,
    "pct3ResTime" : 556.73,
    "throughput" : 12.120200333889816,
    "receivedKBytesPerSec" : 4.330932413397329,
    "sentKBytesPerSec" : 0.7522139764190318
  },
  "dummy 6" : {
    "transaction" : "dummy 6",
    "sampleCount" : 31,
    "errorCount" : 0,
    "errorPct" : 0.0,
    "meanResTime" : 264.5483870967743,
    "medianResTime" : 290.0,
    "minResTime" : 56.0,
    "maxResTime" : 493.0,
    "pct1ResTime" : 441.20000000000005,
    "pct2ResTime" : 483.4,
    "pct3ResTime" : 493.0,
    "throughput" : 0.5640465793304221,
    "receivedKBytesPerSec" : 0.004406613901018923,
    "sentKBytesPerSec" : 0.0
  }
}